-- phpMyAdmin SQL Dump
-- version 5.1.1
-- https://www.phpmyadmin.net/
--
-- Host: 127.0.0.1:3306
-- Generation Time: Aug 01, 2025 at 07:55 AM
-- Server version: 5.7.36
-- PHP Version: 7.4.26

SET SQL_MODE = "NO_AUTO_VALUE_ON_ZERO";
START TRANSACTION;
SET time_zone = "+00:00";


/*!40101 SET @OLD_CHARACTER_SET_CLIENT=@@CHARACTER_SET_CLIENT */;
/*!40101 SET @OLD_CHARACTER_SET_RESULTS=@@CHARACTER_SET_RESULTS */;
/*!40101 SET @OLD_COLLATION_CONNECTION=@@COLLATION_CONNECTION */;
/*!40101 SET NAMES utf8mb4 */;

--
-- Database: `python_pro_shopping`
--

-- --------------------------------------------------------

--
-- Table structure for table `cart`
--

DROP TABLE IF EXISTS `cart`;
CREATE TABLE IF NOT EXISTS `cart` (
  `Cartid` int(11) NOT NULL AUTO_INCREMENT,
  `Pid` int(5) NOT NULL,
  `Cid` int(5) NOT NULL,
  `BillNo` int(10) NOT NULL,
  `Pname` varchar(50) NOT NULL,
  `Prate` float NOT NULL,
  `Pquantity` int(250) NOT NULL,
  `Ptotalamount` float NOT NULL,
  `DateTime` varchar(30) NOT NULL,
  PRIMARY KEY (`Cartid`)
) ENGINE=MyISAM AUTO_INCREMENT=207 DEFAULT CHARSET=latin1;

-- --------------------------------------------------------

--
-- Table structure for table `customer`
--

DROP TABLE IF EXISTS `customer`;
CREATE TABLE IF NOT EXISTS `customer` (
  `Cid` int(11) NOT NULL AUTO_INCREMENT,
  `Cname` varchar(30) NOT NULL,
  `Caddress` varchar(70) NOT NULL,
  `Cphone` varchar(12) NOT NULL,
  `Cdeliveryadd` varchar(70) NOT NULL,
  `Cemail` varchar(50) NOT NULL,
  `DateTime` varchar(30) NOT NULL,
  PRIMARY KEY (`Cid`)
) ENGINE=MyISAM AUTO_INCREMENT=11 DEFAULT CHARSET=latin1;

--
-- Dumping data for table `customer`
--

INSERT INTO `customer` (`Cid`, `Cname`, `Caddress`, `Cphone`, `Cdeliveryadd`, `Cemail`, `DateTime`) VALUES
(1, 'jit', '48/1,prempur bunglows, near umiya homes', '8200520563', '48/1,prempur bunglow', 'pateljeet0022@gmail.com', '2024-06-03'),
(3, 'bhaumit', 'shradha park,HMT', '9328667978', 'Gota, Khedbrahma', 'bhaumitprajapati2003@gmail.com', '2024-06-03'),
(4, 'Kanvi', 'Green Park Society,HMT', '7490970801', 'Green Park Society,HMT', '', '2024-06-14'),
(7, 'Moksha', 'Viravada,HMT', '6353418713', 'Viravada,HMT', '', '2024-06-14'),
(8, 'tejas patel', 'u/26 akashganga complex', '9428267045', 'himatnagar', '', '2024-09-04');

-- --------------------------------------------------------

--
-- Table structure for table `orders`
--

DROP TABLE IF EXISTS `orders`;
CREATE TABLE IF NOT EXISTS `orders` (
  `Oid` int(11) NOT NULL AUTO_INCREMENT,
  `Cartid` int(11) NOT NULL,
  `Pid` int(11) NOT NULL,
  `Cid` int(11) NOT NULL,
  `BillNo` int(10) NOT NULL,
  `Pname` varchar(50) NOT NULL,
  `Prate` float NOT NULL,
  `Pquantity` int(250) NOT NULL,
  `Ptotalamount` float NOT NULL,
  `DateTime` varchar(30) NOT NULL,
  PRIMARY KEY (`Oid`)
) ENGINE=MyISAM AUTO_INCREMENT=162 DEFAULT CHARSET=latin1;

--
-- Dumping data for table `orders`
--

INSERT INTO `orders` (`Oid`, `Cartid`, `Pid`, `Cid`, `BillNo`, `Pname`, `Prate`, `Pquantity`, `Ptotalamount`, `DateTime`) VALUES
(28, 73, 9, 3, 2, 'TV', 80000, 1, 80000, '2024-06-25'),
(29, 72, 5, 3, 2, 'chair', 500, 1, 500, '2024-06-25'),
(27, 71, 7, 1, 1, 'Chocolate', 200, 1, 200, '2024-06-24'),
(44, 89, 10, 1, 8, 'AC', 60000, 1, 60000, '2024-09-09'),
(43, 88, 15, 1, 8, 'KinderJoy', 80, 10, 800, '2024-09-09'),
(33, 79, 7, 7, 5, 'Chocolate', 200, 5, 1000, '2024-06-25'),
(34, 78, 5, 7, 5, 'chair', 500, 1, 500, '2024-06-25'),
(35, 77, 8, 7, 5, 'Phone', 50000, 1, 50000, '2024-06-25'),
(36, 82, 6, 1, 6, 'Ball', 100, 1, 100, '2024-06-25'),
(37, 81, 5, 1, 6, 'chair', 500, 1, 500, '2024-06-25'),
(38, 80, 7, 1, 6, 'Chocolate', 200, 1, 200, '2024-06-25'),
(39, 83, 8, 1, 6, 'Phone', 50000, 1, 50000, '2024-06-25'),
(40, 85, 9, 8, 7, 'TV', 100, 1, 100, '2024-09-04'),
(41, 86, 10, 8, 7, 'AC', 60000, 3, 180000, '2024-09-04'),
(42, 84, 6, 8, 7, 'Ball', 100, 1, 100, '2024-09-04'),
(45, 87, 7, 1, 8, 'Chocolate', 300, 1, 300, '2024-09-09'),
(46, 90, 5, 1, 9, 'chair', 500, 1, 500, '2024-09-09'),
(47, 94, 5, 3, 10, 'chair', 500, 2, 1000, '2024-09-09'),
(48, 92, 7, 1, 10, 'Chocolate', 300, 1, 300, '2024-09-09'),
(49, 93, 9, 1, 10, 'TV', 80000, 1, 80000, '2024-09-09'),
(50, 95, 8, 3, 10, 'Phone', 50000, 1, 50000, '2024-09-09'),
(51, 96, 9, 1, 11, 'TV', 80000, 1, 80000, '2024-09-09'),
(52, 97, 5, 1, 12, 'chair', 500, 1, 500, '2024-09-09'),
(53, 100, 8, 9, 13, 'Phone', 50000, 2, 100000, '2024-09-10'),
(54, 99, 9, 9, 13, 'TV', 80000, 1, 80000, '2024-09-10'),
(55, 98, 15, 9, 13, 'KinderJoy', 80, 10, 800, '2024-09-10'),
(56, 103, 15, 9, 14, 'KinderJoy', 80, 20, 1600, '2024-09-10'),
(57, 101, 7, 9, 14, 'Chocolate', 300, 1, 300, '2024-09-10'),
(58, 102, 6, 9, 14, 'Ball', 100, 1, 100, '2024-09-10'),
(59, 105, 8, 1, 15, 'Phone', 50000, 1, 50000, '2024-09-10'),
(60, 104, 7, 1, 15, 'Chocolate', 300, 1, 300, '2024-09-10'),
(61, 108, 15, 1, 16, 'KinderJoy', 80, 10, 800, '2024-09-10'),
(62, 106, 7, 1, 16, 'Chocolate', 300, 1, 300, '2024-09-10'),
(63, 107, 8, 1, 16, 'Phone', 50000, 1, 50000, '2024-09-10'),
(64, 111, 8, 1, 17, 'Phone', 50000, 10, 500000, '2024-09-10'),
(65, 110, 5, 1, 17, 'chair', 500, 1, 500, '2024-09-10'),
(66, 109, 7, 1, 17, 'Chocolate', 300, 1, 300, '2024-09-10'),
(67, 114, 15, 1, 18, 'KinderJoy', 80, 5, 400, '2024-09-10'),
(68, 112, 7, 9, 18, 'Chocolate', 300, 1, 300, '2024-09-10'),
(69, 113, 10, 9, 18, 'AC', 60000, 1, 60000, '2024-09-10'),
(70, 116, 8, 1, 19, 'Phone', 50000, 1, 50000, '2024-09-10'),
(71, 115, 7, 1, 19, 'Chocolate', 300, 1, 300, '2024-09-10'),
(72, 117, 7, 1, 20, 'Chocolate', 300, 1, 300, '2024-09-10'),
(73, 118, 9, 1, 20, 'TV', 80000, 5, 400000, '2024-09-10'),
(74, 119, 15, 9, 21, 'KinderJoy', 80, 100, 8000, '2024-09-21'),
(75, 120, 8, 9, 21, 'Phone', 50000, 1, 50000, '2024-09-21'),
(76, 121, 10, 9, 21, 'AC', 60000, 1, 60000, '2024-09-21'),
(77, 122, 9, 9, 21, 'TV', 80000, 1, 80000, '2024-09-21'),
(78, 124, 8, 1, 22, 'Phone', 50000, 2, 100000, '2024-10-08'),
(79, 123, 15, 1, 22, 'KinderJoy', 90, 5, 450, '2024-10-08'),
(80, 128, 6, 3, 23, 'Ball', 100, 1, 100, '2024-11-17'),
(81, 127, 9, 3, 23, 'TV', 80000, 2, 160000, '2024-11-17'),
(82, 126, 15, 3, 23, 'KinderJoy', 90, 10, 900, '2024-11-17'),
(83, 125, 8, 3, 23, 'Phone', 100000, 1, 100000, '2024-11-17'),
(84, 129, 7, 1, 24, 'Chocolate', 300, 1, 300, '2024-11-19'),
(85, 131, 7, 1, 25, 'Chocolate', 200, 1, 200, '2024-11-19'),
(86, 130, 16, 1, 25, 'Blanket', 500, 1, 500, '2024-11-19'),
(87, 135, 8, 1, 26, 'Phone', 100000, 1, 100000, '2024-11-19'),
(88, 134, 16, 1, 26, 'Blanket', 500, 1, 500, '2024-11-19'),
(89, 133, 6, 1, 26, 'Ball', 100, 1, 100, '2024-11-19'),
(90, 132, 7, 1, 26, 'Chocolate', 200, 1, 200, '2024-11-19'),
(91, 138, 8, 1, 27, 'Phone', 100000, 10, 1000000, '2024-11-19'),
(92, 137, 7, 1, 27, 'Chocolate', 200, 1, 200, '2024-11-19'),
(93, 136, 15, 1, 27, 'KinderJoy', 90, 10, 900, '2024-11-19'),
(94, 141, 10, 1, 28, 'AC', 60000, 1, 60000, '2024-11-19'),
(95, 140, 8, 1, 28, 'Phone', 100000, 1, 100000, '2024-11-19'),
(96, 139, 7, 1, 28, 'Chocolate', 200, 1, 200, '2024-11-19'),
(97, 143, 8, 1, 29, 'Phone', 100000, 1, 100000, '2024-11-19'),
(98, 142, 7, 1, 29, 'Chocolate', 200, 1, 200, '2024-11-19'),
(99, 148, 18, 1, 30, 'Cup', 100, 1, 100, '2025-04-23'),
(100, 147, 18, 1, 30, 'Cup', 100, 1, 100, '2025-04-23'),
(101, 146, 18, 1, 30, 'Cup', 100, 1, 100, '2025-04-23'),
(102, 145, 18, 1, 30, 'Cup', 100, 1, 100, '2025-04-23'),
(103, 144, 18, 1, 30, 'Cup', 100, 1, 100, '2025-04-23'),
(104, 149, 18, 1, 30, 'Cup', 100, 1, 100, '2025-04-23'),
(105, 150, 18, 1, 30, 'Cup', 100, 1, 100, '2025-04-23'),
(106, 151, 18, 1, 30, 'Cup', 100, 1, 100, '2025-04-23'),
(107, 152, 18, 1, 30, 'Cup', 100, 1, 100, '2025-04-23'),
(108, 153, 18, 1, 30, 'Cup', 100, 1, 100, '2025-04-23'),
(109, 154, 18, 1, 30, 'Cup', 100, 1, 100, '2025-04-23'),
(110, 155, 19, 1, 30, 'Desktop', 60000, 1, 60000, '2025-04-23'),
(111, 156, 18, 1, 30, 'Cup', 100, 1, 100, '2025-04-23'),
(112, 157, 20, 1, 30, 'Jar', 400, 1, 400, '2025-04-23'),
(113, 158, 18, 1, 30, 'Cup', 100, 1, 100, '2025-04-23'),
(114, 159, 20, 1, 30, 'Jar', 400, 1, 400, '2025-04-23'),
(115, 160, 18, 1, 30, 'Cup', 100, 1, 100, '2025-04-23'),
(116, 161, 18, 1, 30, 'Cup', 100, 1, 100, '2025-04-23'),
(117, 162, 18, 1, 30, 'Cup', 100, 1, 100, '2025-04-23'),
(118, 163, 18, 1, 30, 'Cup', 100, 1, 100, '2025-04-23'),
(119, 164, 18, 1, 30, 'Cup', 100, 1, 100, '2025-04-23'),
(120, 165, 18, 1, 30, 'Cup', 100, 1, 100, '2025-04-23'),
(121, 166, 18, 1, 30, 'Cup', 100, 1, 100, '2025-04-23'),
(122, 167, 18, 1, 30, 'Cup', 100, 1, 100, '2025-04-23'),
(123, 168, 18, 1, 30, 'Cup', 100, 1, 100, '2025-04-23'),
(124, 169, 18, 1, 30, 'Cup', 100, 1, 100, '2025-04-23'),
(125, 170, 18, 1, 30, 'Cup', 100, 1, 100, '2025-04-23'),
(126, 171, 18, 1, 30, 'Cup', 100, 1, 100, '2025-04-23'),
(127, 172, 18, 1, 30, 'Cup', 100, 1, 100, '2025-04-23'),
(128, 173, 18, 1, 30, 'Cup', 100, 1, 100, '2025-04-23'),
(129, 174, 18, 1, 30, 'Cup', 100, 1, 100, '2025-04-23'),
(130, 175, 18, 1, 30, 'Cup', 100, 1, 100, '2025-04-23'),
(131, 176, 18, 1, 30, 'Cup', 100, 1, 100, '2025-04-23'),
(132, 177, 20, 1, 30, 'Jar', 400, 1, 400, '2025-04-23'),
(133, 178, 18, 1, 30, 'Cup', 100, 1, 100, '2025-04-23'),
(134, 179, 18, 1, 30, 'Cup', 100, 1, 100, '2025-04-23'),
(135, 180, 18, 1, 30, 'Cup', 100, 1, 100, '2025-04-23'),
(136, 181, 20, 1, 30, 'Jar', 400, 1, 400, '2025-04-23'),
(137, 182, 18, 1, 30, 'Cup', 100, 1, 100, '2025-04-23'),
(138, 183, 18, 1, 30, 'Cup', 100, 1, 100, '2025-04-23'),
(139, 184, 18, 1, 30, 'Cup', 100, 1, 100, '2025-04-23'),
(140, 185, 18, 1, 30, 'Cup', 100, 1, 100, '2025-04-23'),
(141, 186, 17, 1, 30, 'Laptop', 120000, 1, 120000, '2025-04-23'),
(142, 187, 18, 1, 30, 'Cup', 100, 1, 100, '2025-04-23'),
(143, 188, 18, 1, 30, 'Cup', 100, 1, 100, '2025-04-23'),
(144, 189, 18, 1, 30, 'Cup', 100, 1, 100, '2025-04-23'),
(145, 190, 18, 1, 30, 'Cup', 100, 1, 100, '2025-04-23'),
(146, 191, 18, 1, 30, 'Cup', 100, 1, 100, '2025-04-23'),
(147, 192, 18, 1, 30, 'Cup', 100, 1, 100, '2025-04-23'),
(148, 193, 18, 1, 30, 'Cup', 100, 1, 100, '2025-04-23'),
(149, 194, 18, 1, 30, 'Cup', 100, 1, 100, '2025-04-23'),
(150, 195, 18, 1, 30, 'Cup', 100, 1, 100, '2025-04-23'),
(151, 196, 18, 1, 30, 'Cup', 100, 1, 100, '2025-04-23'),
(152, 197, 18, 1, 30, 'Cup', 100, 1, 100, '2025-04-23'),
(153, 198, 18, 1, 30, 'Cup', 100, 1, 100, '2025-04-23'),
(154, 199, 18, 1, 30, 'Cup', 100, 1, 100, '2025-04-23'),
(155, 200, 18, 1, 30, 'Cup', 100, 1, 100, '2025-04-23'),
(156, 201, 18, 1, 30, 'Cup', 100, 1, 100, '2025-04-23'),
(157, 202, 7, 1, 30, 'Chocolate', 200, 1, 200, '2025-04-23'),
(158, 203, 6, 1, 30, 'Ball', 100, 4, 400, '2025-04-23'),
(159, 204, 15, 1, 30, 'KinderJoy', 90, 8, 720, '2025-04-23'),
(160, 206, 16, 4, 31, 'Blanket', 500, 1, 500, '2025-07-09'),
(161, 205, 7, 4, 31, 'Chocolate', 200, 2, 400, '2025-07-09');

-- --------------------------------------------------------

--
-- Table structure for table `product`
--

DROP TABLE IF EXISTS `product`;
CREATE TABLE IF NOT EXISTS `product` (
  `Pid` int(5) NOT NULL AUTO_INCREMENT,
  `Pname` varchar(50) NOT NULL,
  `Prate` float NOT NULL,
  `Pimage` varchar(255) NOT NULL,
  `DateTime` varchar(30) NOT NULL,
  PRIMARY KEY (`Pid`)
) ENGINE=MyISAM AUTO_INCREMENT=21 DEFAULT CHARSET=latin1;

--
-- Dumping data for table `product`
--

INSERT INTO `product` (`Pid`, `Pname`, `Prate`, `Pimage`, `DateTime`) VALUES
(17, 'Laptop', 120000, '', '2024-11-20'),
(7, 'Chocolate', 200, '', '2024-06-14'),
(6, 'Ball', 100, '', '2024-06-13'),
(8, 'Phone', 100000, '', '2024-06-14'),
(9, 'TV', 80000, '', '2024-06-14'),
(10, 'AC', 60000, '', '2024-06-14'),
(16, 'Blanket', 500, '', '2024-11-19'),
(15, 'KinderJoy', 90, '', '2024-09-09'),
(18, 'Cup', 100, 'product_images\\5_EmailAlreadyExists.png', '2024-11-20'),
(19, 'Desktop', 60000, 'download.jpeg', '2024-11-20'),
(20, 'Jar', 400, 'product_images\\Jar.jpg', '2024-11-20');
COMMIT;

/*!40101 SET CHARACTER_SET_CLIENT=@OLD_CHARACTER_SET_CLIENT */;
/*!40101 SET CHARACTER_SET_RESULTS=@OLD_CHARACTER_SET_RESULTS */;
/*!40101 SET COLLATION_CONNECTION=@OLD_COLLATION_CONNECTION */;
